-- Seed: Skills
INSERT INTO skills (id, name, name_en, name_es, icon, url_docs, parent_id, category, level) VALUES
  ('a0000000-0000-0000-0000-000000000001', 'Go', 'Go', 'Go',          'go',    'https://go.dev/doc/',         NULL, 'backend',  5),
  ('a0000000-0000-0000-0000-000000000002', 'TypeScript', 'TypeScript', 'TypeScript', 'typescript', 'https://www.typescriptlang.org/docs/', NULL, 'frontend', 5),
  ('a0000000-0000-0000-0000-000000000003', 'React', 'React', 'React', 'react',  'https://react.dev/',           NULL, 'frontend', 5),
  ('a0000000-0000-0000-0000-000000000004', 'PostgreSQL', 'PostgreSQL', 'PostgreSQL', 'postgresql', 'https://www.postgresql.org/docs/',    NULL, 'backend',  4),
  ('a0000000-0000-0000-0000-000000000005', 'Docker', 'Docker', 'Docker', 'docker', 'https://docs.docker.com/',     NULL, 'devops',   4),
  ('a0000000-0000-0000-0000-000000000006', 'Python', 'Python', 'Python', 'python', 'https://docs.python.org/3/',  NULL, 'backend',  4),
  ('a0000000-0000-0000-0000-000000000007', 'Node.js', 'Node.js', 'Node.js', 'nodejs', 'https://nodejs.org/docs/',    NULL, 'backend',  4),
  ('a0000000-0000-0000-0000-000000000008', 'Tailwind CSS', 'Tailwind CSS', 'Tailwind CSS', 'tailwindcss', 'https://tailwindcss.com/docs/', NULL, 'frontend', 4),
  ('a0000000-0000-0000-0000-000000000009', 'Redis', 'Redis', 'Redis', 'redis', 'https://redis.io/docs/',         NULL, 'backend',  3),
  ('a0000000-0000-0000-0000-00000000000a', 'AWS', 'AWS', 'AWS', 'aws',       'https://aws.amazon.com/documentation/', NULL, 'devops',   3),
  ('a0000000-0000-0000-0000-00000000000b', 'Kubernetes', 'Kubernetes', 'Kubernetes', 'kubernetes', 'https://kubernetes.io/docs/', NULL, 'devops',   3),
  ('a0000000-0000-0000-0000-00000000000c', 'Framer Motion', 'Framer Motion', 'Framer Motion', 'framer', 'https://www.framer.com/motion/', NULL, 'frontend', 3),
  ('a0000000-0000-0000-0000-00000000000d', 'SAS', 'SAS', 'SAS',    'sas',   'https://documentation.sas.com/', NULL, 'backend',  3),
  ('a0000000-0000-0000-0000-00000000000e', 'JavaScript', 'JavaScript', 'JavaScript', 'javascript', 'https://developer.mozilla.org/', NULL, 'frontend', 5),
  ('a0000000-0000-0000-0000-00000000000f', 'Next.js', 'Next.js', 'Next.js', 'nextjs', 'https://nextjs.org/docs', NULL, 'frontend', 4),
  ('a0000000-0000-0000-0000-000000000010', 'gRPC', 'gRPC', 'gRPC',  'grpc',  'https://grpc.io/docs/',          NULL, 'backend',  3),
  ('a0000000-0000-0000-0000-000000000011', 'Gin', 'Gin', 'Gin',    'gin',   'https://gin-gonic.com/docs/',    NULL, 'backend',  4),
  ('a0000000-0000-0000-0000-000000000012', 'SQL', 'SQL', 'SQL',    'sql',   'https://www.postgresql.org/docs/', NULL, 'backend', 4);

-- Seed: Projects
INSERT INTO projects (id, name, name_en, name_es, content, content_en, content_es, technologies_ids, github_url, url, images, architecture, architecture_en, architecture_es) VALUES
(
  'b0000000-0000-0000-0000-000000000001',
  'Go REST API — Microservices Gateway',
  'Go REST API — Microservices Gateway',
  'Go REST API — Puerta de Enlace de Microservicios',
  'Arquitectura de microservicios que maneja más de 10,000 solicitudes por segundo, implementada en Go con PostgreSQL, Redis y gRPC.',
  'Microservices architecture handling 10,000+ requests/sec, built in Go with PostgreSQL, Redis, and gRPC.',
  'Arquitectura de microservicios que maneja más de 10,000 solicitudes por segundo, implementada en Go con PostgreSQL, Redis y gRPC.',
  ARRAY['a0000000-0000-0000-0000-000000000001', 'a0000000-0000-0000-0000-000000000004', 'a0000000-0000-0000-0000-000000000009', 'a0000000-0000-0000-0000-000000000010', 'a0000000-0000-0000-0000-000000000011', 'a0000000-0000-0000-0000-000000000005']::text[],
  'https://github.com/victortejada/go-rest-api',
  'https://api.example.com',
  ARRAY['https://images.unsplash.com/photo-1558494949-ef010cbdcc31?w=800']::text[],
  'API Gateway en Go que enruta solicitudes a microservicios internos usando gRPC, con caché en Redis y persistencia en PostgreSQL.',
  'Go API Gateway routing requests to internal microservices via gRPC, with Redis caching and PostgreSQL persistence.',
  'Puerta de enlace API en Go que enruta solicitudes a microservicios internos usando gRPC, con caché en Redis y persistencia en PostgreSQL.'
),
(
  'b0000000-0000-0000-0000-000000000002',
  'React Dashboard — Analytics Platform',
  'React Dashboard — Analytics Platform',
  'React Dashboard — Plataforma de Analítica',
  'Panel de administración en tiempo real construido con React, TypeScript y Tailwind CSS. Incluye gráficos interactivos, tabla de datos dinámica y filtros avanzados.',
  'Real-time admin dashboard built with React, TypeScript, and Tailwind CSS. Features interactive charts, dynamic data tables, and advanced filtering.',
  'Panel de administración en tiempo real construido con React, TypeScript y Tailwind CSS. Incluye gráficos interactivos, tabla de datos dinámica y filtros avanzados.',
  ARRAY['a0000000-0000-0000-0000-000000000003', 'a0000000-0000-0000-0000-000000000002', 'a0000000-0000-0000-0000-000000000008', 'a0000000-0000-0000-0000-00000000000c', 'a0000000-0000-0000-0000-000000000007', 'a0000000-0000-0000-0000-000000000005']::text[],
  'https://github.com/victortejada/react-dashboard',
  'https://dashboard.example.com',
  ARRAY['https://images.unsplash.com/photo-1551288049-bebda4e38f71?w=800']::text[],
  'Frontend en React con autenticación JWT, estado global con Zustand, y gráficos con Recharts. Backend en Node.js con Express y PostgreSQL.',
  'React frontend with JWT auth, global state via Zustand, and Recharts for graphs. Node.js/Express backend with PostgreSQL.',
  'Frontend en React con autenticación JWT, estado global con Zustand, y gráficos con Recharts. Backend en Node.js con Express y PostgreSQL.'
),
(
  'b0000000-0000-0000-0000-000000000003',
  'Data Pipeline — ETL & Analytics',
  'Data Pipeline — ETL & Analytics',
  'Data Pipeline — ETL y Analítica',
  'Pipeline de datos para procesar, transformar y analizar grandes volúmenes de datos usando Python, SAS y SQL. Automatizado con Docker y scripts en bash.',
  'Data pipeline for processing, transforming, and analyzing large datasets using Python, SAS, and SQL. Automated with Docker and bash scripting.',
  'Pipeline de datos para procesar, transformar y analizar grandes volúmenes de datos usando Python, SAS y SQL. Automatizado con Docker y bash.',
  ARRAY['a0000000-0000-0000-0000-000000000006', 'a0000000-0000-0000-0000-00000000000d', 'a0000000-0000-0000-0000-000000000012', 'a0000000-0000-0000-0000-000000000005', 'a0000000-0000-0000-0000-00000000000a']::text[],
  'https://github.com/victortejada/data-pipeline',
  NULL,
  ARRAY['https://images.unsplash.com/photo-1451187580459-43490279c0fa?w=800']::text[],
  'ETL construido en Python con pandas y SAS para transformación de datos. Orquestación con scripts bash y almacenamiento en AWS S3.',
  'Python ETL with pandas and SAS for data transformation. Orchestrated via bash scripts and stored in AWS S3.',
  'ETL construido en Python con pandas y SAS para transformación de datos. Orquestación con scripts bash y almacenamiento en AWS S3.'
),
(
  'b0000000-0000-0000-0000-000000000004',
  'Portfolio — Full-Stack Web',
  'Portfolio — Full-Stack Web',
  'Portfolio — Web Full-Stack',
  'Portfolio personal con frontend en React + TanStack Start, backend en Go, PostgreSQL y despliegue en Docker con nginx reverse proxy.',
  'Personal portfolio with a React + TanStack Start frontend, Go backend, PostgreSQL, and Docker deployment behind an nginx reverse proxy.',
  'Portafolio personal con frontend en React + TanStack Start, backend en Go, PostgreSQL y despliegue en Docker con nginx reverse proxy.',
  ARRAY['a0000000-0000-0000-0000-000000000003', 'a0000000-0000-0000-0000-000000000002', 'a0000000-0000-0000-0000-00000000000f', 'a0000000-0000-0000-0000-000000000008', 'a0000000-0000-0000-0000-000000000001', 'a0000000-0000-0000-0000-000000000004', 'a0000000-0000-0000-0000-000000000005']::text[],
  'https://github.com/victortejada/portfolio',
  'https://victortejada.dev',
  ARRAY['https://images.unsplash.com/photo-1460925895917-afdab827c52f?w=800']::text[],
  'Frontend con TanStack Start + React, backend en Go con Gin + GORM, PostgreSQL 16, desplegado con Docker Compose y nginx.',
  'Frontend with TanStack Start + React, Go backend with Gin + GORM, PostgreSQL 16, deployed via Docker Compose and nginx.',
  'Frontend con TanStack Start + React, backend en Go con Gin + GORM, PostgreSQL 16, desplegado con Docker Compose y nginx.'
);

-- Seed: Project-Skills relationships (many2many join table)
INSERT INTO project_skills (project_id, skill_id) VALUES
  ('b0000000-0000-0000-0000-000000000001', 'a0000000-0000-0000-0000-000000000001'),
  ('b0000000-0000-0000-0000-000000000001', 'a0000000-0000-0000-0000-000000000004'),
  ('b0000000-0000-0000-0000-000000000001', 'a0000000-0000-0000-0000-000000000009'),
  ('b0000000-0000-0000-0000-000000000001', 'a0000000-0000-0000-0000-000000000010'),
  ('b0000000-0000-0000-0000-000000000001', 'a0000000-0000-0000-0000-000000000011'),
  ('b0000000-0000-0000-0000-000000000001', 'a0000000-0000-0000-0000-000000000005'),
  ('b0000000-0000-0000-0000-000000000002', 'a0000000-0000-0000-0000-000000000003'),
  ('b0000000-0000-0000-0000-000000000002', 'a0000000-0000-0000-0000-000000000002'),
  ('b0000000-0000-0000-0000-000000000002', 'a0000000-0000-0000-0000-000000000008'),
  ('b0000000-0000-0000-0000-000000000002', 'a0000000-0000-0000-0000-00000000000c'),
  ('b0000000-0000-0000-0000-000000000002', 'a0000000-0000-0000-0000-000000000007'),
  ('b0000000-0000-0000-0000-000000000002', 'a0000000-0000-0000-0000-000000000005'),
  ('b0000000-0000-0000-0000-000000000003', 'a0000000-0000-0000-0000-000000000006'),
  ('b0000000-0000-0000-0000-000000000003', 'a0000000-0000-0000-0000-00000000000d'),
  ('b0000000-0000-0000-0000-000000000003', 'a0000000-0000-0000-0000-000000000012'),
  ('b0000000-0000-0000-0000-000000000003', 'a0000000-0000-0000-0000-000000000005'),
  ('b0000000-0000-0000-0000-000000000003', 'a0000000-0000-0000-0000-00000000000a'),
  ('b0000000-0000-0000-0000-000000000004', 'a0000000-0000-0000-0000-000000000003'),
  ('b0000000-0000-0000-0000-000000000004', 'a0000000-0000-0000-0000-000000000002'),
  ('b0000000-0000-0000-0000-000000000004', 'a0000000-0000-0000-0000-00000000000f'),
  ('b0000000-0000-0000-0000-000000000004', 'a0000000-0000-0000-0000-000000000008'),
  ('b0000000-0000-0000-0000-000000000004', 'a0000000-0000-0000-0000-000000000001'),
  ('b0000000-0000-0000-0000-000000000004', 'a0000000-0000-0000-0000-000000000004'),
  ('b0000000-0000-0000-0000-000000000004', 'a0000000-0000-0000-0000-000000000005');
